time,x,y,z,vx,vy,vz,roll,pitch,yaw,wx,wy,wz,aoa,mass
0.110000,0.031570,0.000000,0.114317,0.574611,0.000000,2.082035,-80.000008,-0.000000,0.000000,0.000000,0.000015,-0.000000,5.414171,198.800000
0.210000,0.110677,0.000000,0.401160,1.056065,0.000000,3.832101,-79.999752,-0.000009,0.000009,0.000000,0.000099,-0.000001,5.379511,197.800000
0.310000,0.238036,0.000000,0.863630,1.539899,0.000002,5.595961,-79.998714,-0.000068,0.000067,0.000000,0.000311,-0.000004,5.344120,196.800000
0.410000,0.413887,0.000000,1.503110,2.026151,0.000005,7.373728,-79.996008,-0.000281,0.000277,0.000000,0.000710,-0.000011,5.307374,195.800000
0.510000,0.638475,0.000001,2.320997,2.514910,0.000011,9.165505,-79.990410,-0.000846,0.000833,0.000000,0.001354,-0.000026,5.268420,194.800000
0.610000,0.912057,0.000003,3.318696,3.006335,0.000017,10.971387,-79.980371,-0.002084,0.002053,0.000000,0.002299,-0.000054,5.226182,193.800000
0.710000,1.234910,0.000004,4.497620,3.500668,0.000019,12.791452,-79.964026,-0.004472,0.004404,0.000000,0.003600,-0.000099,5.179368,192.800000
0.810000,1.607340,0.000006,5.859191,3.998258,0.000009,14.625761,-79.939206,-0.008658,0.008525,0.000000,0.005306,-0.000168,5.126486,191.800000
0.910000,2.029692,0.000006,7.404836,4.499569,-0.000027,16.474356,-79.903467,-0.015487,0.015249,0.000000,0.007463,-0.000267,5.065863,190.800000
1.010000,2.502364,-0.000000,9.135984,5.005204,-0.000113,18.337255,-79.854119,-0.026007,0.025605,0.000000,0.010111,-0.000405,4.995672,189.800000
1.110000,3.025821,-0.000019,11.054066,5.515918,-0.000282,20.214447,-79.788259,-0.041462,0.040817,0.000000,0.013283,-0.000589,4.913961,188.800000
1.210000,3.600611,-0.000059,13.160508,6.032630,-0.000582,22.105890,-79.702827,-0.063277,0.062283,0.000000,0.017000,-0.000827,4.818696,187.800000
1.310000,4.227382,-0.000137,15.456733,6.556434,-0.001075,24.011509,-79.594664,-0.093014,0.091536,0.000000,0.021273,-0.001130,4.707814,186.800000
1.410000,4.906898,-0.000277,17.944154,7.088610,-0.001844,25.931188,-79.460586,-0.132320,0.130188,0.000000,0.026097,-0.001505,4.579282,185.800000
1.510000,5.640062,-0.000509,20.624171,7.630624,-0.002994,27.864771,-79.297473,-0.182852,0.179854,0.000000,0.031452,-0.001960,4.431171,184.800000
1.610000,6.427930,-0.000879,23.498163,8.184133,-0.004656,29.812052,-79.102372,-0.246187,0.242067,0.000000,0.037297,-0.002503,4.261741,183.800000
1.710000,7.271733,-0.001443,26.567491,8.750973,-0.006989,31.772779,-78.872611,-0.323729,0.318181,0.000000,0.043570,-0.003139,4.069538,182.800000
1.810000,8.172893,-0.002278,29.833486,9.333148,-0.010183,33.746645,-78.605932,-0.416620,0.409284,0.000000,0.050186,-0.003873,3.853499,181.800000
1.910000,9.133039,-0.003479,33.297446,9.932810,-0.014464,35.733289,-78.300633,-0.525665,0.516121,0.000000,0.057031,-0.004706,3.613068,180.800000
2.020000,10.259544,-0.005367,37.337953,10.615346,-0.020739,37.932855,-77.919029,-0.664749,0.652220,0.000000,0.064660,-0.005734,3.320526,179.700000
2.130000,11.462450,-0.008043,41.621134,11.324915,-0.029038,40.146744,-77.489379,-0.823825,0.807647,0.000000,0.072179,-0.006873,2.999720,178.600000
2.240000,12.744890,-0.011751,46.148531,12.064677,-0.039810,42.374254,-77.013048,-1.002258,0.981680,0.000000,0.079329,-0.008108,2.653090,177.500000
2.350000,14.110341,-0.016788,50.921604,12.837730,-0.053551,44.614624,-76.493101,-1.198877,1.173066,0.000000,0.085826,-0.009419,2.284541,176.400000
2.460000,15.562613,-0.023506,55.941729,13.647001,-0.070800,46.867058,-75.934470,-1.412081,1.380127,0.000000,0.091360,-0.010778,1.899622,175.300000
2.570000,17.105825,-0.032321,61.210191,14.495117,-0.092131,49.130756,-75.344053,-1.639965,1.600888,0.000000,0.095618,-0.012149,1.505729,174.200000
2.680000,18.744364,-0.043710,66.728192,15.384278,-0.118137,51.404960,-74.730716,-1.880440,1.833209,0.000000,0.098293,-0.013490,1.112559,173.100000
2.790000,20.482833,-0.058219,72.496853,16.316117,-0.149416,53.689004,-74.105177,-2.131356,2.074899,0.000000,0.099113,-0.014752,0.733864,172.000000
2.900000,22.325981,-0.076456,78.517229,17.291582,-0.186554,55.982371,-73.479747,-2.390575,2.323813,0.000000,0.097858,-0.015884,0.398172,170.900000
3.010000,24.278621,-0.099093,84.790328,18.310817,-0.230097,58.284764,-72.867910,-2.656037,2.577904,0.000000,0.094390,-0.016832,0.237097,169.800000
3.120000,26.345539,-0.126861,91.317139,19.373088,-0.280535,60.596164,-72.283745,-2.925772,2.835257,0.000000,0.088681,-0.017546,0.403696,168.700000
3.230000,28.531395,-0.160539,98.098666,20.476732,-0.338274,62.916882,-71.741181,-3.197899,3.094076,0.000000,0.080830,-0.017981,0.625815,167.600000
3.340000,30.840619,-0.200946,105.135964,21.619167,-0.403612,65.247599,-71.253133,-3.470587,3.352660,-0.000000,0.071084,-0.018103,0.805885,166.500000
3.450000,33.277313,-0.248928,112.430182,22.796957,-0.476725,67.589369,-70.830540,-3.742008,3.609349,-0.000000,0.059845,-0.017896,0.923786,165.400000
3.560000,35.845164,-0.305343,119.982603,24.005934,-0.557649,69.943598,-70.481396,-4.010279,3.862466,-0.000000,0.047667,-0.017361,0.972146,164.300000
3.670000,38.547372,-0.371046,127.794681,25.241401,-0.646273,72.311982,-70.209842,-4.273409,4.110255,-0.000000,0.035234,-0.016524,0.949474,163.200000
3.780000,41.386602,-0.446874,135.868066,26.498387,-0.742348,74.696408,-70.015432,-4.529262,4.350842,-0.000000,0.023324,-0.015436,0.859254,162.100000
3.890000,44.364975,-0.533627,144.204620,27.771965,-0.845493,77.098827,-69.892680,-4.775563,4.582214,-0.000000,0.012752,-0.014171,0.709793,161.000000
4.000000,47.484082,-0.632061,152.806416,29.057602,-0.955229,79.521102,-69.831001,-5.009956,4.802271,-0.000000,0.004304,-0.012826,0.513962,159.900000
4.110000,50.745053,-0.742873,161.675723,30.351523,-1.071012,81.964855,-69.815124,-5.230146,5.008945,-0.000000,-0.001351,-0.011513,0.288635,158.800000
4.220000,54.148654,-0.866700,170.814970,31.651054,-1.192287,84.431327,-69.826044,-5.434141,5.200416,-0.000000,-0.003739,-0.010350,0.055757,157.700000
4.330000,57.695423,-1.004113,180.226699,32.954929,-1.318443,86.921253,-69.842227,-5.622510,5.377238,-0.000000,-0.002690,-0.009597,0.173785,156.600000
4.440000,61.385840,-1.155646,189.913500,34.263371,-1.449348,89.434814,-69.842636,-5.793569,5.537821,-0.000000,0.001699,-0.009023,0.367455,155.500000
4.550000,65.220483,-1.321799,199.877962,35.578237,-1.584621,91.971601,-69.807223,-5.947112,5.681947,-0.000000,0.008902,-0.008855,0.513226,154.400000
4.660000,69.200211,-1.503046,210.122594,36.902829,-1.724182,94.530666,-69.720378,-6.085531,5.811827,0.000000,0.018068,-0.009115,0.598121,153.300000
4.770000,73.326309,-1.699864,220.649783,38.241572,-1.868163,97.110624,-69.572669,-6.212824,5.931177,0.000000,0.028064,-0.009777,0.616017,152.200000
4.880000,77.600581,-1.912754,231.461744,39.599521,-2.016915,99.709818,-69.362309,-6.334238,6.044882,0.000000,0.037597,-0.010760,0.568573,151.100000
4.990000,82.025397,-2.142267,242.560508,40.981751,-2.170975,102.326529,-69.095765,-6.455623,6.158380,0.000000,0.045371,-0.011941,0.465559,150.000000
5.100000,86.603659,-2.389018,253.947921,42.392687,-2.331015,104.959217,-68.787266,-6.582606,6.276883,0.000000,0.050279,-0.013159,0.324449,148.900000
5.210000,91.338695,-2.653703,265.625681,43.835481,-2.497765,107.606774,-68.457128,-6.719790,6.404627,0.000000,0.051577,-0.014246,0.171173,147.800000
5.320000,96.234097,-2.937095,277.595393,45.311533,-2.671921,110.268735,-68.128992,-6.870134,6.544306,0.000000,0.049046,-0.015042,0.074588,146.700000
5.430000,101.293513,-3.240038,289.858651,46.820254,-2.854056,112.945418,-67.826290,-7.034593,6.696760,0.000000,0.043062,-0.015432,0.148264,145.600000
5.540000,106.520427,-3.563432,302.417122,48.359132,-3.044539,115.637950,-67.568458,-7.212033,6.860919,0.000000,0.034586,-0.015361,0.220935,144.500000
5.650000,111.917966,-3.908202,315.272635,49.924128,-3.243489,118.348139,-67.367539,-7.399385,7.033963,-0.000000,0.025036,-0.014854,0.242581,143.400000
5.760000,117.488761,-4.275275,328.427243,51.510356,-3.450764,121.078218,-67.225889,-7.592021,7.211666,-0.000000,0.016057,-0.014012,0.209564,142.300000
5.870000,123.234902,-4.665551,341.883249,53.112964,-3.666002,123.830472,-67.135540,-7.784330,7.388918,-0.000000,0.009220,-0.013004,0.131321,141.200000
5.980000,129.157978,-5.079881,355.643194,54.727741,-3.888769,126.606967,-67.079285,-7.970321,7.560258,-0.000000,0.006118,-0.011951,0.027993,140.100000
6.090000,135.259218,-5.519081,369.709809,56.353576,-4.118630,129.408495,-67.033083,-8.140790,7.717241,-0.000000,0.005955,-0.010909,0.082873,139.000000
6.200000,141.539809,-5.983869,384.085877,57.989536,-4.354517,132.235829,-66.977653,-8.296677,7.860744,0.000000,0.009714,-0.010683,0.173593,137.900000
6.310000,148.000952,-6.474911,398.774218,59.637979,-4.596546,135.088288,-66.890869,-8.440673,7.993232,0.000000,0.015944,-0.010949,0.227474,136.800000
6.420000,154.644200,-6.992890,413.777534,61.302787,-4.844909,137.964535,-66.761399,-8.575725,8.117391,0.000000,0.022998,-0.011624,0.235033,135.700000
6.530000,161.471587,-7.538524,429.098356,62.988638,-5.100091,140.862851,-66.589045,-8.706543,8.237521,0.000000,0.029038,-0.012526,0.198441,134.600000
6.640000,168.485651,-8.112597,444.739028,64.699872,-5.362772,143.781618,-66.384734,-8.838484,8.358508,0.000000,0.032494,-0.013419,0.131342,133.500000
6.750000,175.689349,-8.715969,460.701740,66.439389,-5.633678,146.719799,-66.167626,-8.976206,8.484590,0.000000,0.032485,-0.014067,0.059434,132.400000
6.860000,183.085866,-9.349644,476.988602,68.207900,-5.914774,149.677204,-65.961959,-9.112285,8.608968,-0.000000,0.029049,-0.012685,0.050038,131.300000
6.970000,190.678258,-10.014624,493.601808,70.003436,-6.202932,152.655182,-65.782248,-9.239752,8.725295,-0.000000,0.023733,-0.012648,0.084708,130.200000
7.080000,198.469445,-10.711658,510.543660,71.823659,-6.498673,155.655023,-65.640696,-9.386122,8.858704,0.000000,0.017177,-0.013128,0.089023,129.100000
7.190000,206.461898,-11.441646,527.816684,73.663935,-6.802942,158.679038,-65.537077,-9.551898,9.009656,0.000000,0.011778,-0.013449,0.060467,128.000000
7.300000,214.657566,-12.205610,545.423664,75.519605,-7.117469,161.729525,-65.456302,-9.718622,9.161364,0.000000,0.010169,-0.012009,0.033611,126.900000
7.410000,223.058202,-13.004604,563.367508,77.391951,-7.440003,164.806446,-65.384963,-9.865112,9.294580,-0.000000,0.009421,-0.010985,0.067506,125.800000
7.520000,231.665496,-13.839354,581.651220,79.278337,-7.768379,167.911535,-65.307286,-10.010446,9.426667,0.000000,0.012434,-0.012167,0.107276,124.700000
7.630000,240.481107,-14.710622,600.277857,81.181599,-8.104893,171.043711,-65.204244,-10.163947,9.566077,0.000000,0.016968,-0.013423,0.120328,123.600000
7.740000,249.507071,-15.619362,619.250331,83.105482,-8.450727,174.201550,-65.071701,-10.321227,9.708783,0.000000,0.021154,-0.014288,0.102704,122.500000
7.850000,258.745853,-16.566651,638.571390,85.053784,-8.806808,177.383608,-64.917397,-10.476606,9.849600,0.000000,0.023323,-0.014458,0.063393,121.400000
7.960000,268.200351,-17.553681,658.243611,87.030399,-9.174478,180.588331,-64.762892,-10.621331,9.980594,-0.000000,0.020885,-0.012850,0.027194,120.300000
8.070000,277.873543,-18.581658,678.269575,89.031634,-9.551791,183.817958,-64.628012,-10.746050,10.093346,-0.000000,0.018119,-0.011148,0.022664,119.200000
8.180000,287.768028,-19.651573,698.652098,91.055838,-9.937638,187.073742,-64.511029,-10.853146,10.190065,-0.000000,0.015684,-0.009650,0.037073,118.100000
8.290000,297.886285,-20.764328,719.394102,93.102061,-10.331281,190.356600,-64.409814,-10.945011,10.272954,-0.000000,0.013543,-0.008333,0.058514,117.000000
8.400000,308.230689,-21.920513,740.498634,95.169188,-10.727363,193.667977,-64.319225,-11.054631,10.371780,0.000000,0.012161,-0.012100,0.074491,115.900000
8.510000,318.803451,-23.120663,761.968870,97.255709,-11.132138,197.008451,-64.228358,-11.220107,10.520851,0.000000,0.012330,-0.015679,0.071255,114.800000
8.620000,329.606703,-24.365940,783.808014,99.361855,-11.549551,200.377989,-64.129171,-11.422678,10.703197,0.000000,0.013713,-0.017388,0.057144,113.700000
8.730000,340.642837,-25.657976,806.019151,101.492377,-11.983470,203.774398,-64.030857,-11.617824,10.878713,-0.000000,0.011731,-0.014874,0.056871,112.600000
8.840000,351.914202,-26.998304,828.605445,103.639841,-12.428477,207.202203,-63.934515,-11.781841,11.026113,-0.000000,0.014681,-0.013176,0.062603,111.500000
8.950000,363.422897,-28.388143,851.570261,105.811807,-12.884504,210.658261,-63.822864,-11.912077,11.143049,-0.000000,0.015211,-0.011315,0.051059,110.400000
9.060000,375.171902,-29.828644,874.916600,108.010142,-13.350283,214.142277,-63.722566,-12.020093,11.239945,-0.000000,0.012919,-0.009610,0.051065,109.300000
9.170000,387.163808,-31.320786,898.647719,110.228768,-13.823119,217.657956,-63.633153,-12.114293,11.324378,0.000000,0.013651,-0.009778,0.064402,108.200000
9.280000,399.400746,-32.865203,922.767193,112.468799,-14.302101,221.205375,-63.527726,-12.223680,11.422339,0.000000,0.016085,-0.012299,0.061503,107.100000
9.390000,411.885440,-34.462871,947.278326,114.736821,-14.794078,224.781124,-63.413309,-12.353920,11.538865,0.000000,0.014814,-0.011887,0.049218,106.000000
9.500000,424.620973,-36.115343,972.184247,117.030900,-15.298381,228.386735,-63.314706,-12.466738,11.639710,-0.000000,0.012462,-0.010000,0.055229,104.900000
9.610000,437.610002,-37.823553,997.488414,119.347483,-15.806709,232.025399,-63.225983,-12.584641,11.745011,0.000000,0.011998,-0.013436,0.062295,103.800000
9.720000,450.855022,-39.588194,1023.194455,121.688254,-16.328994,235.695756,-63.134652,-12.748496,11.891239,-0.000000,0.010941,-0.013844,0.050566,102.700000
9.830000,464.358775,-41.411163,1049.305804,124.053360,-16.866699,239.398138,-63.055720,-12.893443,12.020497,-0.000000,0.009137,-0.011562,0.055391,101.600000
9.940000,478.123678,-43.293652,1075.826199,126.437244,-17.410825,243.136914,-62.978666,-13.030252,12.142415,-0.000000,0.011729,-0.013740,0.063187,100.500000
10.050000,492.127512,-45.230862,1102.710541,127.624534,-17.683651,244.455336,-62.880499,-13.187513,12.282447,0.000000,0.012508,-0.013780,0.049045,99.900000
10.160000,506.152840,-47.172911,1129.519948,127.357714,-17.620618,242.843257,-62.792468,-13.324675,12.404482,0.000000,0.010409,-0.011467,0.050579,99.900000
10.270000,520.148901,-49.107971,1156.152488,127.090878,-17.555173,241.241358,-62.713894,-13.442763,12.509468,0.000000,0.011885,-0.011761,0.064127,99.900000
10.380000,534.115549,-51.035649,1182.609359,126.825181,-17.487869,239.648846,-62.612459,-13.573604,12.625697,-0.000000,0.014919,-0.013560,0.054763,99.900000
10.490000,548.053429,-52.956181,1208.891271,126.567952,-17.425222,238.061075,-62.510467,-13.699271,12.737228,-0.000000,0.012476,-0.011340,0.049121,99.900000
10.600000,561.963158,-54.869813,1234.998930,126.312706,-17.361051,236.481920,-62.424199,-13.805215,12.831173,-0.000000,0.011605,-0.010966,0.062626,99.900000
10.710000,575.844762,-56.776081,1260.933410,126.057403,-17.292137,234.912681,-62.328455,-13.934984,12.946149,0.000000,0.013871,-0.014648,0.061369,99.900000
10.820000,589.698549,-58.674955,1286.695574,125.808255,-17.228270,233.348812,-62.223494,-14.087125,13.080824,-0.000000,0.012632,-0.013596,0.048471,99.900000
10.930000,603.525174,-60.566960,1312.286018,125.563116,-17.166200,231.791666,-62.133704,-14.216722,13.195441,-0.000000,0.010630,-0.011441,0.055483,99.900000
11.040000,617.324825,-62.451971,1337.705647,125.316914,-17.099889,230.244493,-62.047341,-14.338824,13.303341,0.000000,0.012878,-0.013380,0.066966,99.900000
11.150000,631.097438,-64.329608,1362.955513,125.073032,-17.033509,228.704877,-61.938992,-14.483472,13.431050,-0.000000,0.015205,-0.015134,0.054969,99.900000
11.260000,644.843619,-66.200213,1388.036214,124.836486,-16.971918,227.169437,-61.831932,-14.622010,13.553241,-0.000000,0.012853,-0.012793,0.047978,99.900000
11.370000,658.563915,-68.064047,1412.948370,124.601879,-16.909721,225.641547,-61.740979,-14.738722,13.656088,0.000000,0.011743,-0.011520,0.060654,99.900000
11.480000,672.258299,-69.920822,1437.692961,124.365883,-16.843782,224.123251,-61.641832,-14.858885,13.761880,0.000000,0.014774,-0.013712,0.064803,99.900000
11.590000,685.926897,-71.770377,1462.270858,124.134617,-16.779794,222.610445,-61.524678,-14.994057,13.880766,-0.000000,0.015307,-0.014013,0.051337,99.900000
11.700000,699.570397,-73.613107,1486.682544,123.908924,-16.718883,221.102391,-61.417842,-15.115714,13.987651,-0.000000,0.013014,-0.011915,0.052102,99.900000
11.810000,713.189127,-75.449055,1510.928725,123.683334,-16.655061,219.602689,-61.321500,-15.225588,14.084090,0.000000,0.013640,-0.012824,0.064768,99.900000
11.920000,726.783038,-77.277827,1535.010360,123.458746,-16.589474,218.110590,-61.210688,-15.356174,14.198596,0.000000,0.015679,-0.015178,0.060181,99.900000
12.030000,740.352487,-79.099538,1558.928101,123.239755,-16.527878,216.622698,-61.093037,-15.496441,14.321456,-0.000000,0.014342,-0.013943,0.049501,99.900000
12.140000,753.898064,-80.914594,1582.682425,123.024278,-16.467702,215.140368,-60.991086,-15.617115,14.427042,-0.000000,0.012262,-0.011920,0.058629,99.900000
12.250000,767.419851,-82.722828,1606.274147,122.806914,-16.403379,213.667210,-60.889232,-15.734499,14.529650,-0.000000,0.014805,-0.013888,0.068068,99.900000
12.360000,780.917835,-84.523991,1629.704137,122.591931,-16.339351,212.200167,-60.768955,-15.866557,14.644960,-0.000000,0.017031,-0.015498,0.058865,99.900000
12.470000,794.392448,-86.318274,1652.972945,122.383026,-16.279084,210.736595,-60.644331,-15.999114,14.760565,-0.000000,0.015277,-0.013842,0.048014,99.900000
12.580000,807.844268,-88.106001,1676.081009,122.177181,-16.219687,209.278447,-60.536530,-16.112759,14.859566,0.000000,0.013131,-0.011897,0.057661,99.900000
12.690000,821.273363,-89.887010,1699.029108,121.969591,-16.156442,207.828973,-60.430023,-16.223045,14.955538,0.000000,0.015361,-0.013694,0.068757,99.900000
12.800000,834.679724,-91.661052,1721.818064,121.764197,-16.093210,206.385326,-60.306811,-16.347868,15.064037,-0.000000,0.017393,-0.015411,0.062723,99.900000
12.910000,848.063702,-93.428245,1744.448432,121.563879,-16.033038,204.945327,-60.176089,-16.478672,15.177591,-0.000000,0.016288,-0.014425,0.050801,99.900000
13.020000,861.425871,-95.188949,1766.920598,121.367120,-15.974460,203.509929,-60.060979,-16.592878,15.276615,-0.000000,0.014071,-0.012462,0.058154,99.900000
13.130000,874.766325,-96.943028,1789.235277,121.168836,-15.912174,202.082718,-59.948540,-16.703735,15.372624,0.000000,0.015927,-0.014132,0.068292,99.900000
13.240000,888.085061,-98.690253,1811.393244,120.972548,-15.850000,200.661025,-59.821647,-16.827806,15.479948,0.000000,0.017712,-0.015674,0.063613,99.900000
13.350000,901.382364,-100.430708,1833.395053,120.780366,-15.790131,199.243202,-59.685796,-16.958801,15.593111,-0.000000,0.017221,-0.015189,0.051292,99.900000
13.460000,914.658776,-102.164735,1855.241059,120.592186,-15.732405,197.829224,-59.563491,-17.075558,15.693840,-0.000000,0.014950,-0.013185,0.056231,99.900000
13.570000,927.914448,-103.892287,1876.931891,120.402765,-15.671820,196.422809,-59.447015,-17.184594,15.787795,-0.000000,0.016370,-0.014126,0.068016,99.900000
13.680000,941.149334,-105.613140,1898.468310,120.214795,-15.610918,195.021918,-59.317224,-17.301709,15.888582,-0.000000,0.018199,-0.015403,0.066930,99.900000
13.790000,954.363661,-107.327317,1919.850872,120.029557,-15.550868,193.625529,-59.175845,-17.425606,15.995057,-0.000000,0.019067,-0.015970,0.055318,99.900000
13.900000,967.557891,-109.035068,1941.079945,119.849488,-15.494024,192.231731,-59.041084,-17.541940,16.094887,-0.000000,0.016630,-0.013928,0.053820,99.900000
14.010000,980.732350,-110.736517,1962.155991,119.669288,-15.435334,190.844373,-58.918947,-17.646484,16.184481,0.000000,0.016714,-0.013991,0.066738,99.900000
14.120000,993.886967,-112.431405,1983.079758,119.489505,-15.375356,189.462967,-58.787684,-17.757873,16.279812,0.000000,0.018313,-0.015327,0.070527,99.900000
14.230000,1007.021904,-114.119707,2003.851806,119.311746,-15.315744,188.086203,-58.644977,-17.877840,16.382337,-0.000000,0.019610,-0.016389,0.063379,99.900000
14.340000,1020.137432,-115.801516,2024.472604,119.137667,-15.258167,186.712715,-58.496641,-18.001057,16.487477,-0.000000,0.018861,-0.015735,0.052440,99.900000
14.450000,1033.234031,-117.477127,2044.942452,118.966854,-15.202210,185.342731,-58.362606,-18.111329,16.581428,-0.000000,0.016835,-0.014027,0.059242,99.900000
14.560000,1046.311774,-119.146449,2065.261950,118.794860,-15.143750,183.979563,-58.231520,-18.217135,16.671446,0.000000,0.018167,-0.014912,0.069793,99.900000
14.670000,1059.370669,-120.809337,2085.431737,118.624395,-15.085301,182.621070,-58.089886,-18.328198,16.765798,0.000000,0.019640,-0.015896,0.070779,99.900000
14.780000,1072.410909,-122.465813,2105.452305,118.455922,-15.027273,181.266819,-57.938458,-18.443865,16.863904,0.000000,0.020739,-0.016614,0.063220,99.900000
14.890000,1085.432754,-124.115962,2125.324085,118.290940,-14.971038,179.915561,-57.782920,-18.560274,16.962475,-0.000000,0.019885,-0.015869,0.053807,99.900000
15.000000,1098.436652,-125.760040,2145.047352,118.128533,-14.915789,178.567921,-57.641474,-18.665012,17.051018,-0.000000,0.018361,-0.014635,0.061565,99.900000
15.110000,1111.422629,-127.397920,2164.622702,117.965529,-14.858624,177.226316,-57.500391,-18.768192,17.138107,0.000000,0.019417,-0.015420,0.070431,99.900000
15.220000,1124.390746,-129.029511,2184.050695,117.804008,-14.801507,175.889033,-57.350772,-18.876144,17.229079,0.000000,0.020586,-0.016294,0.071786,99.900000
15.330000,1137.341183,-130.654835,2203.331790,117.644279,-14.744771,174.555742,-57.193053,-18.988351,17.323472,-0.000000,0.021507,-0.016958,0.066292,99.900000
15.440000,1150.274149,-132.273947,2222.466410,117.486557,-14.688652,173.226191,-57.029979,-19.102575,17.419390,0.000000,0.021961,-0.017231,0.057064,99.900000
15.550000,1163.189989,-133.887029,2241.454865,117.332997,-14.635095,171.898561,-56.874070,-19.210344,17.509723,-0.000000,0.019719,-0.015460,0.058421,99.900000
15.660000,1176.088883,-135.494114,2260.297584,117.178517,-14.579583,170.576879,-56.724211,-19.312220,17.594969,0.000000,0.020401,-0.015833,0.067034,99.900000
15.770000,1188.970849,-137.095094,2278.995125,117.025356,-14.524105,169.259275,-56.568573,-19.415497,17.681236,-0.000000,0.021303,-0.016364,0.071407,99.900000
15.880000,1201.836042,-138.689979,2297.547923,116.873713,-14.468830,167.945524,-56.406365,-19.520640,17.768900,-0.000000,0.022172,-0.016886,0.070810,99.900000
15.990000,1214.684637,-140.278801,2315.956393,116.723769,-14.413920,166.635409,-56.238537,-19.627197,17.857574,0.000000,0.022801,-0.017258,0.066327,99.900000
16.090000,1226.350937,-141.717961,2332.566451,116.589014,-14.364407,165.447423,-56.082874,-19.724392,17.938305,-0.000000,0.023080,-0.017403,0.060791,99.900000
16.190000,1238.003835,-143.152194,2349.057833,116.456359,-14.315844,164.261746,-55.926647,-19.820639,18.018102,-0.000000,0.022403,-0.016860,0.056649,99.900000
16.290000,1249.643571,-144.581622,2365.430742,116.324944,-14.267494,163.079043,-55.778200,-19.911155,18.093013,-0.000000,0.021848,-0.016413,0.062306,99.900000
16.390000,1261.270161,-146.006172,2381.685563,116.193923,-14.218629,161.899979,-55.628968,-20.001046,18.167275,-0.000000,0.022227,-0.016646,0.068370,99.900000
16.490000,1272.883695,-147.425838,2397.822615,116.063934,-14.169840,160.723964,-55.476664,-20.091552,18.241911,0.000000,0.022767,-0.016984,0.072768,99.900000
16.590000,1284.484279,-148.840632,2413.842200,115.935037,-14.121199,159.550900,-55.320503,-20.182960,18.317150,-0.000000,0.023373,-0.017353,0.074750,99.900000
16.690000,1296.072025,-150.250571,2429.744607,115.807307,-14.072785,158.380675,-55.160380,-20.275144,18.392885,-0.000000,0.023944,-0.017681,0.074294,99.900000
16.790000,1307.647052,-151.655681,2445.530115,115.680805,-14.024661,157.213187,-54.996813,-20.367658,18.468740,-0.000000,0.024401,-0.017913,0.072017,99.900000
16.890000,1319.209487,-153.055994,2461.198995,115.555565,-13.976862,156.048362,-54.830730,-20.459885,18.544209,-0.000000,0.024705,-0.018029,0.068947,99.900000
16.990000,1330.759454,-154.451541,2476.751510,115.431584,-13.929390,154.886156,-54.663180,-20.551225,18.618798,-0.000000,0.024861,-0.018037,0.066208,99.900000
17.090000,1342.297078,-155.842355,2492.187922,115.308823,-13.882215,153.726557,-54.495051,-20.641239,18.692153,0.000000,0.024911,-0.017976,0.064726,99.900000
17.190000,1353.822479,-157.228463,2507.508492,115.187220,-13.835288,152.569578,-54.326859,-20.729740,18.764123,-0.000000,0.024918,-0.017894,0.065023,99.900000
17.290000,1365.335769,-158.609887,2522.713483,115.066705,-13.788557,151.415235,-54.158660,-20.816802,18.834774,-0.000000,0.024952,-0.017841,0.067133,99.900000
17.390000,1376.837054,-159.986646,2537.803158,114.947213,-13.741979,150.263542,-53.990088,-20.902712,18.904342,0.000000,0.025066,-0.017853,0.070651,99.900000
17.490000,1388.326435,-161.358752,2552.777784,114.828701,-13.695528,149.114497,-53.820483,-20.987869,18.973153,-0.000000,0.025290,-0.017949,0.074882,99.900000
17.590000,1399.804007,-162.726219,2567.637623,114.711145,-13.649201,147.968076,-53.649080,-21.072679,19.041534,-0.000000,0.025626,-0.018123,0.079038,99.900000
17.690000,1411.269866,-164.089060,2582.382937,114.594547,-13.603014,146.824236,-53.475194,-21.157454,19.109736,0.000000,0.026048,-0.018355,0.082438,99.900000
17.790000,1422.724110,-165.447289,2597.013980,114.478924,-13.556998,145.682917,-53.298368,-21.242353,19.177883,0.000000,0.026517,-0.018611,0.084648,99.900000
17.890000,1434.166836,-166.800926,2611.531003,114.364304,-13.511188,144.544054,-53.118445,-21.327366,19.245963,0.000000,0.026985,-0.018859,0.085558,99.900000
17.990000,1445.598146,-168.149991,2625.934248,114.250710,-13.465615,143.407584,-52.935568,-21.412334,19.313846,0.000000,0.027414,-0.019070,0.085365,99.900000
18.090000,1457.018144,-169.494512,2640.223951,114.138157,-13.420301,142.273450,-52.750107,-21.497008,19.381330,-0.000000,0.027778,-0.019228,0.084499,99.900000
18.190000,1468.426933,-170.834512,2654.400345,114.026646,-13.375252,141.141613,-52.562548,-21.581111,19.448192,0.000000,0.028068,-0.019331,0.083499,99.900000
18.290000,1479.824617,-172.170020,2668.463657,113.916164,-13.330463,140.012045,-52.373371,-21.664403,19.514244,0.000000,0.028294,-0.019389,0.082882,99.900000
18.390000,1491.211299,-173.501060,2682.414114,113.806685,-13.285918,138.884733,-52.182940,-21.746729,19.579363,-0.000000,0.028480,-0.019421,0.083037,99.900000
18.490000,1502.587077,-174.827655,2696.251941,113.698175,-13.241593,137.759672,-51.991436,-21.828040,19.643513,-0.000000,0.028655,-0.019449,0.084157,99.900000
18.590000,1513.952046,-176.149827,2709.977363,113.590599,-13.197467,136.636857,-51.798832,-21.908389,19.706740,0.000000,0.028849,-0.019494,0.086215,99.900000
18.690000,1525.306298,-177.467595,2723.590604,113.483926,-13.153521,135.516281,-51.604922,-21.987911,19.769148,0.000000,0.029084,-0.019572,0.089002,99.900000
18.790000,1536.649923,-178.780976,2737.091888,113.378131,-13.109743,134.397932,-51.409370,-22.066778,19.830877,-0.000000,0.029375,-0.019691,0.092181,99.900000
18.890000,1547.983007,-180.089986,2750.481437,113.273199,-13.066133,133.281787,-51.211799,-22.145166,19.892062,0.000000,0.029721,-0.019849,0.095379,99.900000
18.990000,1559.305636,-181.394643,2763.759469,113.169126,-13.022695,132.167815,-51.011855,-22.223215,19.952813,0.000000,0.030113,-0.020036,0.098258,99.900000
19.090000,1570.617897,-182.694965,2776.926200,113.065912,-12.979443,131.055978,-50.809281,-22.301005,20.013191,0.000000,0.030536,-0.020241,0.100582,99.900000
19.190000,1581.919875,-183.990970,2789.981843,112.963562,-12.936389,129.946235,-50.603944,-22.378551,20.073206,-0.000000,0.030967,-0.020448,0.102253,99.900000
19.290000,1593.211658,-185.282679,2802.926603,112.862084,-12.893550,128.838543,-50.395848,-22.455805,20.132817,-0.000000,0.031390,-0.020643,0.103312,99.900000
19.390000,1604.493332,-186.570115,2815.760686,112.761480,-12.850935,127.732865,-50.185111,-22.532673,20.191951,0.000000,0.031789,-0.020817,0.103918,99.900000
19.490000,1615.764985,-187.853299,2828.484289,112.661750,-12.808551,126.629165,-49.971930,-22.609038,20.250517,-0.000000,0.032157,-0.020966,0.104308,99.900000
19.590000,1627.026704,-189.132255,2841.097611,112.562885,-12.766398,125.527418,-49.756527,-22.684785,20.308427,0.000000,0.032493,-0.021091,0.104737,99.900000
19.690000,1638.278575,-190.407007,2853.600846,112.464876,-12.724473,124.427601,-49.539103,-22.759821,20.365611,-0.000000,0.032804,-0.021197,0.105438,99.900000
19.790000,1649.520683,-191.677575,2865.994184,112.367704,-12.682766,123.329699,-49.319800,-22.834092,20.422028,0.000000,0.033101,-0.021293,0.106575,99.900000
19.890000,1660.753111,-192.943983,2878.277818,112.271352,-12.641268,122.233699,-49.098677,-22.907584,20.477669,-0.000000,0.033396,-0.021389,0.108227,99.900000
19.990000,1671.975940,-194.206250,2890.451938,112.175801,-12.599969,121.139588,-48.875701,-22.980320,20.532553,-0.000000,0.033703,-0.021494,0.110378,99.900000
20.090000,1683.189249,-195.464395,2902.516731,112.081033,-12.558862,120.047353,-48.650763,-23.052357,20.586724,0.000000,0.034030,-0.021615,0.112932,99.900000
20.190000,1694.393116,-196.718438,2914.472384,111.987033,-12.517940,118.956979,-48.423697,-23.123765,20.640237,0.000000,0.034386,-0.021755,0.115738,99.900000
20.290000,1705.587617,-197.968398,2926.319083,111.893791,-12.477202,117.868446,-48.194311,-23.194620,20.693148,0.000000,0.034770,-0.021915,0.118623,99.900000
20.390000,1716.772828,-199.214291,2938.057010,111.801299,-12.436649,116.781731,-47.962417,-23.264984,20.745503,-0.000000,0.035180,-0.022092,0.121422,99.900000
20.490000,1727.948823,-200.456138,2949.686347,111.709551,-12.396286,115.696807,-47.727861,-23.334901,20.797335,0.000000,0.035611,-0.022280,0.124003,99.900000
20.590000,1739.115677,-201.693958,2961.207271,111.618546,-12.356117,114.613647,-47.490537,-23.404387,20.848655,0.000000,0.036053,-0.022473,0.126290,99.900000
20.690000,1750.273463,-202.927769,2972.619958,111.528281,-12.316148,113.532222,-47.250396,-23.473436,20.899458,0.000000,0.036499,-0.022666,0.128267,99.900000
20.790000,1761.422257,-204.157593,2983.924579,111.438754,-12.276384,112.452504,-47.007445,-23.542018,20.949721,-0.000000,0.036940,-0.022852,0.129974,99.900000
20.890000,1772.562130,-205.383450,2995.121303,111.349963,-12.236830,111.374466,-46.761736,-23.610091,20.999413,0.000000,0.037373,-0.023029,0.131497,99.900000
20.990000,1783.693158,-206.605360,3006.210299,111.261901,-12.197486,110.298083,-46.513348,-23.677605,21.048498,0.000000,0.037794,-0.023195,0.132948,99.900000
21.090000,1794.815412,-207.823346,3017.191731,111.174562,-12.158352,109.223336,-46.262368,-23.744513,21.096941,-0.000000,0.038203,-0.023351,0.134445,99.900000
21.190000,1805.928964,-209.037428,3028.065760,111.087937,-12.119426,108.150205,-46.008874,-23.810778,21.144717,-0.000000,0.038602,-0.023499,0.136095,99.900000
21.290000,1817.033885,-210.247626,3038.832548,111.002016,-12.080705,107.078674,-45.752919,-23.876374,21.191809,0.000000,0.038997,-0.023643,0.137977,99.900000
21.390000,1828.130246,-211.453962,3049.492255,110.916787,-12.042183,106.008727,-45.494519,-23.941294,21.238211,0.000000,0.039393,-0.023786,0.140136,99.900000
21.490000,1839.218114,-212.656454,3060.045038,110.832238,-12.003858,104.940351,-45.233657,-24.005543,21.283930,0.000000,0.039795,-0.023933,0.142575,99.900000
21.590000,1850.297558,-213.855122,3070.491054,110.748360,-11.965723,103.873531,-44.970278,-24.069140,21.328980,0.000000,0.040208,-0.024088,0.145263,99.900000
21.690000,1861.368644,-215.049985,3080.830456,110.665141,-11.927778,102.808253,-44.704298,-24.132112,21.373382,0.000000,0.040634,-0.024251,0.148142,99.900000
21.790000,1872.431437,-216.241062,3091.063400,110.582573,-11.890018,101.744499,-44.435620,-24.194489,21.417157,0.000000,0.041077,-0.024424,0.151136,99.900000
21.890000,1883.486003,-217.428372,3101.190037,110.500649,-11.852445,100.682252,-44.164138,-24.256298,21.460326,0.000000,0.041535,-0.024606,0.154167,99.900000
21.990000,1894.532404,-218.611932,3111.210516,110.419360,-11.815058,99.621493,-43.889754,-24.317565,21.502906,-0.000000,0.042008,-0.024797,0.157163,99.900000
22.090000,1905.570706,-219.791763,3121.124985,110.338703,-11.777859,98.562202,-43.612384,-24.378302,21.544908,0.000000,0.042492,-0.024993,0.160068,99.900000
22.190000,1916.600969,-220.967881,3130.933590,110.258672,-11.740848,97.504358,-43.331967,-24.438517,21.586336,-0.000000,0.042984,-0.025192,0.162850,99.900000
22.290000,1927.623258,-222.140308,3140.636475,110.179263,-11.704029,96.447941,-43.048463,-24.498205,21.627188,-0.000000,0.043480,-0.025392,0.165500,99.900000
22.390000,1938.637634,-223.309061,3150.233783,110.100471,-11.667402,95.392929,-42.761857,-24.557355,21.667457,-0.000000,0.043979,-0.025590,0.168036,99.900000
22.490000,1949.644158,-224.474160,3159.725651,110.022291,-11.630969,94.339304,-42.472154,-24.615950,21.707132,0.000000,0.044476,-0.025785,0.170491,99.900000
22.590000,1960.642891,-225.635625,3169.112219,109.944718,-11.594730,93.287047,-42.179371,-24.673971,21.746201,0.000000,0.044971,-0.025976,0.172913,99.900000
22.690000,1971.633894,-226.793474,3178.393621,109.867746,-11.558685,92.236139,-41.883531,-24.731398,21.784650,-0.000000,0.045463,-0.026163,0.175356,99.900000
22.790000,1982.617227,-227.947728,3187.569993,109.791368,-11.522832,91.186564,-41.584656,-24.788214,21.822471,-0.000000,0.045953,-0.026346,0.177869,99.900000
22.890000,1993.592948,-229.098404,3196.641468,109.715577,-11.487170,90.138308,-41.282761,-24.844404,21.859656,0.000000,0.046442,-0.026527,0.180498,99.900000
22.990000,2004.561117,-230.245524,3205.608175,109.640364,-11.451697,89.091356,-40.977851,-24.899962,21.896201,0.000000,0.046932,-0.026707,0.183273,99.900000
23.090000,2015.521790,-231.389104,3214.470245,109.565724,-11.416410,88.045694,-40.669915,-24.954886,21.932107,-0.000000,0.047426,-0.026888,0.186208,99.900000
23.190000,2026.475024,-232.529164,3223.227807,109.491647,-11.381308,87.001309,-40.358928,-25.009177,21.967377,0.000000,0.047926,-0.027071,0.189305,99.900000
23.290000,2037.420876,-233.665722,3231.880987,109.418126,-11.346388,85.958187,-40.044848,-25.062844,22.002018,0.000000,0.048432,-0.027258,0.192548,99.900000
23.390000,2048.359400,-234.798796,3240.429911,109.345154,-11.311649,84.916314,-39.727627,-25.115896,22.036039,0.000000,0.048948,-0.027450,0.195913,99.900000
23.490000,2059.290651,-235.928404,3248.874703,109.272723,-11.277088,83.875676,-39.407206,-25.168345,22.069449,-0.000000,0.049472,-0.027646,0.199367,99.900000
23.590000,2070.214684,-237.054564,3257.215487,109.200829,-11.242706,82.836259,-39.083525,-25.220202,22.102256,-0.000000,0.050007,-0.027847,0.202873,99.900000
23.690000,2081.131551,-238.177294,3265.452384,109.129464,-11.208501,81.798049,-38.756524,-25.271478,22.134469,-0.000000,0.050550,-0.028053,0.206399,99.900000
23.790000,2092.041306,-239.296611,3273.585513,109.058623,-11.174474,80.761029,-38.426149,-25.322178,22.166095,-0.000000,0.051102,-0.028262,0.209915,99.900000
23.890000,2102.943999,-240.412534,3281.614993,108.988301,-11.140624,79.725184,-38.092354,-25.372308,22.197136,0.000000,0.051661,-0.028473,0.213400,99.900000
23.990000,2113.839684,-241.525080,3289.540941,108.918493,-11.106951,78.690499,-37.755101,-25.421867,22.227597,-0.000000,0.052225,-0.028686,0.216844,99.900000
24.090000,2124.728410,-242.634266,3297.363472,108.849193,-11.073456,77.656958,-37.414364,-25.470854,22.257476,-0.000000,0.052793,-0.028900,0.220243,99.900000
24.190000,2135.610230,-243.740111,3305.082700,108.780396,-11.040138,76.624545,-37.070124,-25.519263,22.286773,-0.000000,0.053364,-0.029112,0.223606,99.900000
24.290000,2146.485192,-244.842632,3312.698737,108.712098,-11.006998,75.593247,-36.722373,-25.567088,22.315485,0.000000,0.053936,-0.029324,0.226947,99.900000
24.390000,2157.353346,-245.941847,3320.211694,108.644293,-10.974033,74.563048,-36.371106,-25.614320,22.343611,-0.000000,0.054510,-0.029534,0.230285,99.900000
24.490000,2168.214742,-247.037773,3327.621680,108.576975,-10.941245,73.533934,-36.016323,-25.660951,22.371148,0.000000,0.055084,-0.029743,0.233643,99.900000
24.590000,2179.069428,-248.130429,3334.928803,108.510139,-10.908631,72.505893,-35.658023,-25.706975,22.398095,-0.000000,0.055659,-0.029950,0.237042,99.900000
24.690000,2189.917452,-249.219831,3342.133169,108.443779,-10.876192,71.478911,-35.296207,-25.752385,22.424451,-0.000000,0.056236,-0.030155,0.240504,99.900000
24.790000,2200.758861,-250.305996,3349.234884,108.377890,-10.843924,70.452976,-34.930869,-25.797178,22.450215,0.000000,0.056814,-0.030360,0.244041,99.900000
24.890000,2211.593702,-251.388943,3356.234053,108.312465,-10.811827,69.428076,-34.562001,-25.841349,22.475391,-0.000000,0.057394,-0.030565,0.247666,99.900000
24.990000,2222.422021,-252.468688,3363.130778,108.247498,-10.779899,68.404199,-34.189589,-25.884900,22.499981,0.000000,0.057978,-0.030770,0.251380,99.900000
25.090000,2233.243864,-253.545247,3369.925160,108.182983,-10.748139,67.381334,-33.813613,-25.927831,22.523989,-0.000000,0.058565,-0.030976,0.255181,99.900000
25.190000,2244.059276,-254.618638,3376.617302,108.118915,-10.716545,66.359470,-33.434049,-25.970145,22.547421,-0.000000,0.059157,-0.031184,0.259062,99.900000
25.290000,2254.868300,-255.688877,3383.207301,108.055288,-10.685116,65.338594,-33.050870,-26.011846,22.570281,-0.000000,0.059754,-0.031393,0.263010,99.900000
25.390000,2265.670982,-256.755980,3389.695257,107.992096,-10.653851,64.318695,-32.664048,-26.052938,22.592576,-0.000000,0.060355,-0.031604,0.267009,99.900000
25.490000,2276.467364,-257.819964,3396.081267,107.929333,-10.622748,63.299763,-32.273551,-26.093425,22.614311,-0.000000,0.060962,-0.031816,0.271043,99.900000
25.590000,2287.257488,-258.880845,3402.365426,107.866996,-10.591807,62.281784,-31.879352,-26.133311,22.635493,0.000000,0.061574,-0.032030,0.275094,99.900000
25.690000,2298.041398,-259.938640,3408.547830,107.805077,-10.561026,61.264747,-31.481424,-26.172599,22.656127,-0.000000,0.062189,-0.032245,0.279147,99.900000
25.790000,2308.819135,-260.993363,3414.628572,107.743573,-10.530406,60.248641,-31.079743,-26.211290,22.676217,-0.000000,0.062809,-0.032460,0.283190,99.900000
25.890000,2319.590739,-262.045031,3420.607745,107.682478,-10.499944,59.233453,-30.674292,-26.249386,22.695768,0.000000,0.063431,-0.032676,0.287211,99.900000
25.990000,2330.356253,-263.093661,3426.485441,107.621787,-10.469640,58.219172,-30.265057,-26.286886,22.714784,0.000000,0.064056,-0.032892,0.291206,99.900000
26.090000,2341.115715,-264.139267,3432.261748,107.561495,-10.439494,57.205786,-29.852030,-26.323789,22.733269,-0.000000,0.064682,-0.033107,0.295171,99.900000
26.190000,2351.869166,-265.181865,3437.936757,107.501598,-10.409504,56.193283,-29.435206,-26.360093,22.751225,-0.000000,0.065309,-0.033320,0.299108,99.900000
26.290000,2362.616645,-266.221472,3443.510555,107.442091,-10.379670,55.181653,-29.014587,-26.395795,22.768656,-0.000000,0.065937,-0.033532,0.303020,99.900000
26.390000,2373.358190,-267.258102,3448.983228,107.382968,-10.349991,54.170884,-28.590176,-26.430891,22.785566,0.000000,0.066564,-0.033742,0.306914,99.900000
26.490000,2384.093840,-268.291771,3454.354863,107.324224,-10.320465,53.160965,-28.161982,-26.465378,22.801957,0.000000,0.067190,-0.033950,0.310795,99.900000
26.590000,2394.823633,-269.322495,3459.625544,107.265855,-10.291091,52.151887,-27.730012,-26.499253,22.817832,0.000000,0.067816,-0.034155,0.314671,99.900000
26.690000,2405.547605,-270.350288,3464.795355,107.207855,-10.261868,51.143639,-27.294278,-26.532513,22.833197,0.000000,0.068441,-0.034359,0.318548,99.900000
26.790000,2416.265794,-271.375165,3469.864378,107.150220,-10.232795,50.136210,-26.854790,-26.565156,22.848055,0.000000,0.069064,-0.034560,0.322431,99.900000
26.890000,2426.978236,-272.397141,3474.832695,107.092943,-10.203870,49.129592,-26.411560,-26.597181,22.862411,-0.000000,0.069686,-0.034760,0.326324,99.900000
26.990000,2437.684966,-273.416232,3479.700385,107.036021,-10.175092,48.123775,-25.964597,-26.628585,22.876271,-0.000000,0.070308,-0.034957,0.330226,99.900000
27.090000,2448.386019,-274.432452,3484.467530,106.979447,-10.146459,47.118750,-25.513913,-26.659368,22.889640,-0.000000,0.070928,-0.035153,0.334137,99.900000
27.190000,2459.081431,-275.445814,3489.134208,106.923217,-10.117970,46.114506,-25.059516,-26.689532,22.902524,0.000000,0.071547,-0.035347,0.338051,99.900000
27.290000,2469.771235,-276.456335,3493.700496,106.867325,-10.089623,45.111037,-24.601417,-26.719075,22.914931,-0.000000,0.072165,-0.035539,0.341963,99.900000
27.390000,2480.455464,-277.464026,3498.166472,106.811767,-10.061417,44.108331,-24.139626,-26.748001,22.926867,0.000000,0.072782,-0.035730,0.345864,99.900000
27.490000,2491.134153,-278.468904,3502.532211,106.756538,-10.033350,43.106381,-23.674152,-26.776309,22.938340,0.000000,0.073398,-0.035919,0.349744,99.900000
27.590000,2501.807333,-279.470981,3506.797789,106.701632,-10.005421,42.105178,-23.205009,-26.804001,22.949356,-0.000000,0.074012,-0.036106,0.353594,99.900000
27.690000,2512.475037,-280.470271,3510.963280,106.647044,-9.977629,41.104712,-22.732210,-26.831078,22.959922,0.000000,0.074624,-0.036291,0.357401,99.900000
27.790000,2523.137297,-281.466789,3515.028757,106.592769